County,FIPS,Region,Region ID,Region Color (hex)
Anderson,48001,Dallas/Collin/NE,2,#4A0404
Andrews,48003,EP/Border/RGV,5,#F9F2D4
Angelina,48005,HOU/Gulf/East,3,#6287B5
Aransas,48007,SA/Corpus,6,#809351
Archer,48009,FW/Denton/Panhandle,4,#D0BCA3
Armstrong,48011,FW/Denton/Panhandle,4,#D0BCA3
Atascosa,48013,SA/Corpus,6,#809351
Austin,48015,HOU/Gulf/East,3,#6287B5
Bailey,48017,FW/Denton/Panhandle,4,#D0BCA3
Bandera,48019,SA/Corpus,6,#809351
Bastrop,48021,AUS/CenTex,7,#E3F0FC
Baylor,48023,FW/Denton/Panhandle,4,#D0BCA3
Bee,48025,SA/Corpus,6,#809351
Bell,48027,AUS/CenTex,7,#E3F0FC
Bexar,48029,SA/Corpus,6,#809351
Blanco,48031,AUS/CenTex,7,#E3F0FC
Borden,48033,EP/Border/RGV,5,#F9F2D4
Bosque,48035,AUS/CenTex,7,#E3F0FC
Bowie,48037,Dallas/Collin/NE,2,#4A0404
Brazoria,48039,HOU/Gulf/East,3,#6287B5
Brazos,48041,AUS/CenTex,7,#E3F0FC
Brewster,48043,EP/Border/RGV,5,#F9F2D4
Briscoe,48045,FW/Denton/Panhandle,4,#D0BCA3
Brooks,48047,EP/Border/RGV,5,#F9F2D4
Brown,48049,FW/Denton/Panhandle,4,#D0BCA3
Burleson,48051,AUS/CenTex,7,#E3F0FC
Burnet,48053,AUS/CenTex,7,#E3F0FC
Caldwell,48055,AUS/CenTex,7,#E3F0FC
Calhoun,48057,SA/Corpus,6,#809351
Callahan,48059,FW/Denton/Panhandle,4,#D0BCA3
Cameron,48061,EP/Border/RGV,5,#F9F2D4
Camp,48063,Dallas/Collin/NE,2,#4A0404
Carson,48065,FW/Denton/Panhandle,4,#D0BCA3
Cass,48067,Dallas/Collin/NE,2,#4A0404
Castro,48069,FW/Denton/Panhandle,4,#D0BCA3
Chambers,48071,HOU/Gulf/East,3,#6287B5
Cherokee,48073,Dallas/Collin/NE,2,#4A0404
Childress,48075,FW/Denton/Panhandle,4,#D0BCA3
Clay,48077,FW/Denton/Panhandle,4,#D0BCA3
Cochran,48079,FW/Denton/Panhandle,4,#D0BCA3
Coke,48081,EP/Border/RGV,5,#F9F2D4
Coleman,48083,FW/Denton/Panhandle,4,#D0BCA3
Collin,48085,Dallas/Collin/NE,2,#4A0404
Collingsworth,48087,FW/Denton/Panhandle,4,#D0BCA3
Colorado,48089,HOU/Gulf/East,3,#6287B5
Comal,48091,SA/Corpus,6,#809351
Comanche,48093,FW/Denton/Panhandle,4,#D0BCA3
Concho,48095,EP/Border/RGV,5,#F9F2D4
Cooke,48097,FW/Denton/Panhandle,4,#D0BCA3
Coryell,48099,AUS/CenTex,7,#E3F0FC
Cottle,48101,FW/Denton/Panhandle,4,#D0BCA3
Crane,48103,EP/Border/RGV,5,#F9F2D4
Crockett,48105,EP/Border/RGV,5,#F9F2D4
Crosby,48107,FW/Denton/Panhandle,4,#D0BCA3
Culberson,48109,EP/Border/RGV,5,#F9F2D4
Dallam,48111,FW/Denton/Panhandle,4,#D0BCA3
Dallas,48113,Dallas/Collin/NE,2,#4A0404
Dawson,48115,EP/Border/RGV,5,#F9F2D4
DeWitt,48123,SA/Corpus,6,#809351
Deaf Smith,48117,FW/Denton/Panhandle,4,#D0BCA3
Delta,48119,Dallas/Collin/NE,2,#4A0404
Denton,48121,FW/Denton/Panhandle,4,#D0BCA3
Dickens,48125,FW/Denton/Panhandle,4,#D0BCA3
Dimmit,48127,EP/Border/RGV,5,#F9F2D4
Donley,48129,FW/Denton/Panhandle,4,#D0BCA3
Duval,48131,EP/Border/RGV,5,#F9F2D4
Eastland,48133,FW/Denton/Panhandle,4,#D0BCA3
Ector,48135,EP/Border/RGV,5,#F9F2D4
Edwards,48137,EP/Border/RGV,5,#F9F2D4
El Paso,48141,EP/Border/RGV,5,#F9F2D4
Ellis,48139,Dallas/Collin/NE,2,#4A0404
Erath,48143,FW/Denton/Panhandle,4,#D0BCA3
Falls,48145,AUS/CenTex,7,#E3F0FC
Fannin,48147,Dallas/Collin/NE,2,#4A0404
Fayette,48149,AUS/CenTex,7,#E3F0FC
Fisher,48151,FW/Denton/Panhandle,4,#D0BCA3
Floyd,48153,FW/Denton/Panhandle,4,#D0BCA3
Foard,48155,FW/Denton/Panhandle,4,#D0BCA3
Fort Bend,48157,HOU/Gulf/East,3,#6287B5
Franklin,48159,Dallas/Collin/NE,2,#4A0404
Freestone,48161,AUS/CenTex,7,#E3F0FC
Frio,48163,SA/Corpus,6,#809351
Gaines,48165,EP/Border/RGV,5,#F9F2D4
Galveston,48167,HOU/Gulf/East,3,#6287B5
Garza,48169,FW/Denton/Panhandle,4,#D0BCA3
Gillespie,48171,SA/Corpus,6,#809351
Glasscock,48173,EP/Border/RGV,5,#F9F2D4
Goliad,48175,SA/Corpus,6,#809351
Gonzales,48177,SA/Corpus,6,#809351
Gray,48179,FW/Denton/Panhandle,4,#D0BCA3
Grayson,48181,FW/Denton/Panhandle,4,#D0BCA3
Gregg,48183,Dallas/Collin/NE,2,#4A0404
Grimes,48185,AUS/CenTex,7,#E3F0FC
Guadalupe,48187,SA/Corpus,6,#809351
Hale,48189,FW/Denton/Panhandle,4,#D0BCA3
Hall,48191,FW/Denton/Panhandle,4,#D0BCA3
Hamilton,48193,AUS/CenTex,7,#E3F0FC
Hansford,48195,FW/Denton/Panhandle,4,#D0BCA3
Hardeman,48197,FW/Denton/Panhandle,4,#D0BCA3
Hardin,48199,HOU/Gulf/East,3,#6287B5
Harris,48201,HOU/Gulf/East,3,#6287B5
Harrison,48203,Dallas/Collin/NE,2,#4A0404
Hartley,48205,FW/Denton/Panhandle,4,#D0BCA3
Haskell,48207,FW/Denton/Panhandle,4,#D0BCA3
Hays,48209,AUS/CenTex,7,#E3F0FC
Hemphill,48211,FW/Denton/Panhandle,4,#D0BCA3
Henderson,48213,Dallas/Collin/NE,2,#4A0404
Hidalgo,48215,EP/Border/RGV,5,#F9F2D4
Hill,48217,AUS/CenTex,7,#E3F0FC
Hockley,48219,FW/Denton/Panhandle,4,#D0BCA3
Hood,48221,FW/Denton/Panhandle,4,#D0BCA3
Hopkins,48223,Dallas/Collin/NE,2,#4A0404
Houston,48225,HOU/Gulf/East,3,#6287B5
Howard,48227,EP/Border/RGV,5,#F9F2D4
Hudspeth,48229,EP/Border/RGV,5,#F9F2D4
Hunt,48231,Dallas/Collin/NE,2,#4A0404
Hutchinson,48233,FW/Denton/Panhandle,4,#D0BCA3
Irion,48235,EP/Border/RGV,5,#F9F2D4
Jack,48237,FW/Denton/Panhandle,4,#D0BCA3
Jackson,48239,SA/Corpus,6,#809351
Jasper,48241,HOU/Gulf/East,3,#6287B5
Jeff Davis,48243,EP/Border/RGV,5,#F9F2D4
Jefferson,48245,HOU/Gulf/East,3,#6287B5
Jim Hogg,48247,EP/Border/RGV,5,#F9F2D4
Jim Wells,48249,EP/Border/RGV,5,#F9F2D4
Johnson,48251,FW/Denton/Panhandle,4,#D0BCA3
Jones,48253,FW/Denton/Panhandle,4,#D0BCA3
Karnes,48255,SA/Corpus,6,#809351
Kaufman,48257,Dallas/Collin/NE,2,#4A0404
Kendall,48259,SA/Corpus,6,#809351
Kenedy,48261,EP/Border/RGV,5,#F9F2D4
Kent,48263,FW/Denton/Panhandle,4,#D0BCA3
Kerr,48265,SA/Corpus,6,#809351
Kimble,48267,EP/Border/RGV,5,#F9F2D4
King,48269,FW/Denton/Panhandle,4,#D0BCA3
Kinney,48271,EP/Border/RGV,5,#F9F2D4
Kleberg,48273,EP/Border/RGV,5,#F9F2D4
Knox,48275,FW/Denton/Panhandle,4,#D0BCA3
La Salle,48283,EP/Border/RGV,5,#F9F2D4
Lamar,48277,Dallas/Collin/NE,2,#4A0404
Lamb,48279,FW/Denton/Panhandle,4,#D0BCA3
Lampasas,48281,AUS/CenTex,7,#E3F0FC
Lavaca,48285,SA/Corpus,6,#809351
Lee,48287,AUS/CenTex,7,#E3F0FC
Leon,48289,AUS/CenTex,7,#E3F0FC
Liberty,48291,HOU/Gulf/East,3,#6287B5
Limestone,48293,AUS/CenTex,7,#E3F0FC
Lipscomb,48295,FW/Denton/Panhandle,4,#D0BCA3
Live Oak,48297,EP/Border/RGV,5,#F9F2D4
Llano,48299,AUS/CenTex,7,#E3F0FC
Loving,48301,EP/Border/RGV,5,#F9F2D4
Lubbock,48303,FW/Denton/Panhandle,4,#D0BCA3
Lynn,48305,FW/Denton/Panhandle,4,#D0BCA3
Madison,48313,AUS/CenTex,7,#E3F0FC
Marion,48315,Dallas/Collin/NE,2,#4A0404
Martin,48317,EP/Border/RGV,5,#F9F2D4
Mason,48319,EP/Border/RGV,5,#F9F2D4
Matagorda,48321,HOU/Gulf/East,3,#6287B5
Maverick,48323,EP/Border/RGV,5,#F9F2D4
McCulloch,48307,EP/Border/RGV,5,#F9F2D4
McLennan,48309,AUS/CenTex,7,#E3F0FC
McMullen,48311,EP/Border/RGV,5,#F9F2D4
Medina,48325,SA/Corpus,6,#809351
Menard,48327,EP/Border/RGV,5,#F9F2D4
Midland,48329,EP/Border/RGV,5,#F9F2D4
Milam,48331,AUS/CenTex,7,#E3F0FC
Mills,48333,AUS/CenTex,7,#E3F0FC
Mitchell,48335,FW/Denton/Panhandle,4,#D0BCA3
Montague,48337,FW/Denton/Panhandle,4,#D0BCA3
Montgomery,48339,HOU/Gulf/East,3,#6287B5
Moore,48341,FW/Denton/Panhandle,4,#D0BCA3
Morris,48343,Dallas/Collin/NE,2,#4A0404
Motley,48345,FW/Denton/Panhandle,4,#D0BCA3
Nacogdoches,48347,HOU/Gulf/East,3,#6287B5
Navarro,48349,Dallas/Collin/NE,2,#4A0404
Newton,48351,HOU/Gulf/East,3,#6287B5
Nolan,48353,FW/Denton/Panhandle,4,#D0BCA3
Nueces,48355,SA/Corpus,6,#809351
Ochiltree,48357,FW/Denton/Panhandle,4,#D0BCA3
Oldham,48359,FW/Denton/Panhandle,4,#D0BCA3
Orange,48361,HOU/Gulf/East,3,#6287B5
Palo Pinto,48363,FW/Denton/Panhandle,4,#D0BCA3
Panola,48365,Dallas/Collin/NE,2,#4A0404
Parker,48367,FW/Denton/Panhandle,4,#D0BCA3
Parmer,48369,FW/Denton/Panhandle,4,#D0BCA3
Pecos,48371,EP/Border/RGV,5,#F9F2D4
Polk,48373,HOU/Gulf/East,3,#6287B5
Potter,48375,FW/Denton/Panhandle,4,#D0BCA3
Presidio,48377,EP/Border/RGV,5,#F9F2D4
Rains,48379,Dallas/Collin/NE,2,#4A0404
Randall,48381,FW/Denton/Panhandle,4,#D0BCA3
Reagan,48383,EP/Border/RGV,5,#F9F2D4
Real,48385,EP/Border/RGV,5,#F9F2D4
Red River,48387,Dallas/Collin/NE,2,#4A0404
Reeves,48389,EP/Border/RGV,5,#F9F2D4
Refugio,48391,SA/Corpus,6,#809351
Roberts,48393,FW/Denton/Panhandle,4,#D0BCA3
Robertson,48395,AUS/CenTex,7,#E3F0FC
Rockwall,48397,Dallas/Collin/NE,2,#4A0404
Runnels,48399,FW/Denton/Panhandle,4,#D0BCA3
Rusk,48401,Dallas/Collin/NE,2,#4A0404
Sabine,48403,HOU/Gulf/East,3,#6287B5
San Augustine,48405,HOU/Gulf/East,3,#6287B5
San Jacinto,48407,HOU/Gulf/East,3,#6287B5
San Patricio,48409,SA/Corpus,6,#809351
San Saba,48411,AUS/CenTex,7,#E3F0FC
Schleicher,48413,EP/Border/RGV,5,#F9F2D4
Scurry,48415,FW/Denton/Panhandle,4,#D0BCA3
Shackelford,48417,FW/Denton/Panhandle,4,#D0BCA3
Shelby,48419,HOU/Gulf/East,3,#6287B5
Sherman,48421,FW/Denton/Panhandle,4,#D0BCA3
Smith,48423,Dallas/Collin/NE,2,#4A0404
Somervell,48425,FW/Denton/Panhandle,4,#D0BCA3
Starr,48427,EP/Border/RGV,5,#F9F2D4
Stephens,48429,FW/Denton/Panhandle,4,#D0BCA3
Sterling,48431,EP/Border/RGV,5,#F9F2D4
Stonewall,48433,FW/Denton/Panhandle,4,#D0BCA3
Sutton,48435,EP/Border/RGV,5,#F9F2D4
Swisher,48437,FW/Denton/Panhandle,4,#D0BCA3
Tarrant,48439,FW/Denton/Panhandle,4,#D0BCA3
Taylor,48441,FW/Denton/Panhandle,4,#D0BCA3
Terrell,48443,EP/Border/RGV,5,#F9F2D4
Terry,48445,FW/Denton/Panhandle,4,#D0BCA3
Throckmorton,48447,FW/Denton/Panhandle,4,#D0BCA3
Titus,48449,Dallas/Collin/NE,2,#4A0404
Tom Green,48451,EP/Border/RGV,5,#F9F2D4
Travis,48453,AUS/CenTex,7,#E3F0FC
Trinity,48455,HOU/Gulf/East,3,#6287B5
Tyler,48457,HOU/Gulf/East,3,#6287B5
Upshur,48459,Dallas/Collin/NE,2,#4A0404
Upton,48461,EP/Border/RGV,5,#F9F2D4
Uvalde,48463,EP/Border/RGV,5,#F9F2D4
Val Verde,48465,EP/Border/RGV,5,#F9F2D4
Van Zandt,48467,Dallas/Collin/NE,2,#4A0404
Victoria,48469,SA/Corpus,6,#809351
Walker,48471,HOU/Gulf/East,3,#6287B5
Waller,48473,HOU/Gulf/East,3,#6287B5
Ward,48475,EP/Border/RGV,5,#F9F2D4
Washington,48477,AUS/CenTex,7,#E3F0FC
Webb,48479,EP/Border/RGV,5,#F9F2D4
Wharton,48481,HOU/Gulf/East,3,#6287B5
Wheeler,48483,FW/Denton/Panhandle,4,#D0BCA3
Wichita,48485,FW/Denton/Panhandle,4,#D0BCA3
Wilbarger,48487,FW/Denton/Panhandle,4,#D0BCA3
Willacy,48489,EP/Border/RGV,5,#F9F2D4
Williamson,48491,AUS/CenTex,7,#E3F0FC
Wilson,48493,SA/Corpus,6,#809351
Winkler,48495,EP/Border/RGV,5,#F9F2D4
Wise,48497,FW/Denton/Panhandle,4,#D0BCA3
Wood,48499,Dallas/Collin/NE,2,#4A0404
Yoakum,48501,FW/Denton/Panhandle,4,#D0BCA3
Young,48503,FW/Denton/Panhandle,4,#D0BCA3
Zapata,48505,EP/Border/RGV,5,#F9F2D4
Zavala,48507,EP/Border/RGV,5,#F9F2D4
